{"cameraMode":{"drawMode":0,"name":"Shaded","section":"Shading Mode"},"sceneLighting":true,"audioPlay":false,"sceneViewState":{"m_AlwaysRefresh":false,"showFog":true,"showSkybox":true,"showFlares":true,"showImageEffects":true,"showParticleSystems":true,"showVisualEffectGraphs":true,"m_FxEnabled":true},"in2DMode":false,"pivot":{"x":0.8398357629776001,"y":-0.6887338757514954,"z":-4.790760517120361},"rotation":{"x":0.18220025300979615,"y":0.026819130405783654,"z":-0.00511168222874403,"w":0.9827989935874939},"size":2.694216251373291,"orthographic":false}